游戏服务器,服务器名称,状态,负荷,内存,cpu,时间
X_冀京津小游戏23001,小游戏大厅_河北_北京_天津_001,已运行,266,392.03,0,2020-11-24 17:00:58
X_冀京津小游戏23002,小游戏大厅_河北_北京_天津_001,已运行,254,401.8,0,2020-11-24 17:00:58
X_冀京津小游戏23003,小游戏大厅_河北_北京_天津_001,已运行,232,401.62,0,2020-11-24 17:00:58
X_冀京津小游戏23004,小游戏大厅_河北_北京_天津_001,已运行,256,407.18,0,2020-11-24 17:00:58
X_冀京津小游戏23005,小游戏大厅_河北_北京_天津_002,已运行,247,357.95,0,2020-11-24 17:00:59
X_冀京津小游戏23006,小游戏大厅_河北_北京_天津_002,已运行,254,391.86,0,2020-11-24 17:00:59
X_冀京津小游戏23007,小游戏大厅_河北_北京_天津_002,已运行,271,406.14,0,2020-11-24 17:00:59
X_冀京津小游戏23008,小游戏大厅_河北_北京_天津_002,已运行,242,409.31,0,2020-11-24 17:00:59
X_冀京津小游戏23009,小游戏大厅_河北_北京_天津_003,已运行,280,397.57,0,2020-11-24 17:00:58
X_冀京津小游戏23010,小游戏大厅_河北_北京_天津_003,已运行,258,414.89,0,2020-11-24 17:00:58
X_冀京津小游戏23011,小游戏大厅_河北_北京_天津_003,已运行,254,405.42,0,2020-11-24 17:00:58
X_冀京津小游戏23012,小游戏大厅_河北_北京_天津_003,已运行,255,413.55,0,2020-11-24 17:00:58
X_冀京津小游戏23013,小游戏大厅_河北_北京_天津_004,已运行,237,399.54,0,2020-11-24 17:00:58
X_冀京津小游戏23014,小游戏大厅_河北_北京_天津_004,已运行,239,393.21,0,2020-11-24 17:00:58
X_冀京津小游戏23015,小游戏大厅_河北_北京_天津_004,已运行,264,429.94,0,2020-11-24 17:00:58
X_冀京津小游戏23016,小游戏大厅_河北_北京_天津_004,已运行,252,406.32,0,2020-11-24 17:00:58
X_冀京津小游戏23017,小游戏大厅_河北_北京_天津_005,已运行,272,401.89,0,2020-11-24 17:00:59
X_冀京津小游戏23018,小游戏大厅_河北_北京_天津_005,已运行,239,405.95,0,2020-11-24 17:00:59
X_冀京津小游戏23019,小游戏大厅_河北_北京_天津_005,已运行,284,395.96,0,2020-11-24 17:00:59
X_冀京津小游戏23020,小游戏大厅_河北_北京_天津_005,已运行,228,402.14,0,2020-11-24 17:00:59
X_冀京津小游戏23021,小游戏大厅_河北_北京_天津_006,已运行,259,394.21,0,2020-11-24 17:00:59
X_冀京津小游戏23022,小游戏大厅_河北_北京_天津_006,已运行,261,435.03,0,2020-11-24 17:00:59
X_冀京津小游戏23023,小游戏大厅_河北_北京_天津_006,已运行,235,425.93,0,2020-11-24 17:00:59
X_冀京津小游戏23024,小游戏大厅_河北_北京_天津_006,已运行,257,437.03,0,2020-11-24 17:00:59
X_吉小游戏11001,小游戏大厅_吉林_001,已运行,603,455.26,0,2020-11-24 17:00:59
X_吉小游戏11002,小游戏大厅_吉林_001,已运行,574,504.33,0,2020-11-24 17:00:59
X_吉小游戏11003,小游戏大厅_吉林_001,已运行,556,473.37,0,2020-11-24 17:00:59
X_吉小游戏11004,小游戏大厅_吉林_001,已运行,569,424.38,0,2020-11-24 17:00:59
X_吉小游戏11005,小游戏大厅_吉林_002,已运行,590,462.25,0,2020-11-24 17:00:58
X_吉小游戏11006,小游戏大厅_吉林_002,已运行,587,450.49,0,2020-11-24 17:00:58
X_吉小游戏11007,小游戏大厅_吉林_002,已运行,551,462.43,0,2020-11-24 17:00:58
X_吉小游戏11008,小游戏大厅_吉林_002,已运行,567,467.29,0,2020-11-24 17:00:58
X_吉小游戏11009,小游戏大厅_吉林_003,已运行,574,471,0,2020-11-24 17:00:58
X_吉小游戏11010,小游戏大厅_吉林_003,已运行,582,477.73,0,2020-11-24 17:00:58
X_吉小游戏11011,小游戏大厅_吉林_003,已运行,598,477.59,0,2020-11-24 17:00:58
X_吉小游戏11012,小游戏大厅_吉林_003,已运行,580,444.1,0,2020-11-24 17:00:58
X_吉小游戏11013,小游戏大厅_吉林_004,已运行,577,458.55,0,2020-11-24 17:00:59
X_吉小游戏11014,小游戏大厅_吉林_004,已运行,574,484.3,0,2020-11-24 17:00:59
X_吉小游戏11015,小游戏大厅_吉林_004,已运行,613,456.51,0,2020-11-24 17:00:59
X_吉小游戏11016,小游戏大厅_吉林_004,已运行,591,480.26,0,2020-11-24 17:00:59
X_吉小游戏11017,小游戏大厅_吉林_005,已运行,600,479.56,0,2020-11-24 17:00:58
X_吉小游戏11018,小游戏大厅_吉林_005,已运行,582,460.24,0,2020-11-24 17:00:58
X_吉小游戏11019,小游戏大厅_吉林_005,已运行,582,456.32,0,2020-11-24 17:00:58
X_吉小游戏11020,小游戏大厅_吉林_005,已运行,609,442.98,0,2020-11-24 17:00:58
X_吉小游戏11021,小游戏大厅_吉林_006,已运行,605,482.68,0,2020-11-24 17:00:59
X_吉小游戏11022,小游戏大厅_吉林_006,已运行,563,474.55,0,2020-11-24 17:00:59
X_吉小游戏11023,小游戏大厅_吉林_006,已运行,586,528.82,0,2020-11-24 17:00:59
X_吉小游戏11024,小游戏大厅_吉林_006,已运行,568,470.53,0,2020-11-24 17:00:59
X_吉小游戏11025,小游戏大厅_吉林_007,已运行,562,481.25,0,2020-11-24 17:00:59
X_吉小游戏11026,小游戏大厅_吉林_007,已运行,572,457.7,0,2020-11-24 17:00:59
X_吉小游戏11027,小游戏大厅_吉林_007,已运行,591,462.45,0,2020-11-24 17:00:59
X_吉小游戏11028,小游戏大厅_吉林_007,已运行,607,437.69,0,2020-11-24 17:00:59
X_吉小游戏11029,小游戏大厅_吉林_008,已运行,586,455.34,0,2020-11-24 17:00:59
X_吉小游戏11030,小游戏大厅_吉林_008,已运行,564,456.79,0,2020-11-24 17:00:59
X_吉小游戏11031,小游戏大厅_吉林_008,已运行,568,470.68,0,2020-11-24 17:00:59
X_吉小游戏11032,小游戏大厅_吉林_008,已运行,642,476.7,0,2020-11-24 17:00:59
X_吉小游戏11033,小游戏大厅_吉林_009,已运行,561,479.13,0,2020-11-24 17:00:58
X_吉小游戏11034,小游戏大厅_吉林_009,已运行,571,451.33,0,2020-11-24 17:00:58
X_吉小游戏11035,小游戏大厅_吉林_009,已运行,564,472.64,0,2020-11-24 17:00:58
X_吉小游戏11036,小游戏大厅_吉林_009,已运行,567,463.26,0,2020-11-24 17:00:58
X_吉小游戏11037,小游戏大厅_吉林_010,已运行,596,510.3,0,2020-11-24 17:00:58
X_吉小游戏11038,小游戏大厅_吉林_010,已运行,561,454.75,0,2020-11-24 17:00:58
X_吉小游戏11039,小游戏大厅_吉林_010,已运行,554,462.13,0,2020-11-24 17:00:58
X_吉小游戏11040,小游戏大厅_吉林_010,已运行,629,466.89,0,2020-11-24 17:00:58
X_吉小游戏11041,小游戏大厅_吉林_011,已运行,592,480.86,0,2020-11-24 17:00:59
X_吉小游戏11042,小游戏大厅_吉林_011,已运行,607,474.97,0,2020-11-24 17:00:59
X_吉小游戏11043,小游戏大厅_吉林_011,已运行,551,469.66,0,2020-11-24 17:00:59
X_吉小游戏11044,小游戏大厅_吉林_011,已运行,575,472.59,0,2020-11-24 17:00:59
X_川甘宁云小游戏16001,小游戏大厅_四川_甘肃_宁夏_云南_001,已运行,471,436.55,0,2020-11-24 17:00:59
X_川甘宁云小游戏16002,小游戏大厅_四川_甘肃_宁夏_云南_001,已运行,443,437.77,0,2020-11-24 17:00:59
X_川甘宁云小游戏16003,小游戏大厅_四川_甘肃_宁夏_云南_001,已运行,412,456.79,0,2020-11-24 17:00:59
X_川甘宁云小游戏16004,小游戏大厅_四川_甘肃_宁夏_云南_001,已运行,422,427.05,0,2020-11-24 17:00:59
X_川甘宁云小游戏16005,小游戏大厅_四川_甘肃_宁夏_云南_002,已运行,413,423,0,2020-11-24 17:00:59
X_川甘宁云小游戏16006,小游戏大厅_四川_甘肃_宁夏_云南_002,已运行,402,429.5,0,2020-11-24 17:00:59
X_川甘宁云小游戏16007,小游戏大厅_四川_甘肃_宁夏_云南_002,已运行,414,429.27,0,2020-11-24 17:00:59
X_川甘宁云小游戏16008,小游戏大厅_四川_甘肃_宁夏_云南_002,已运行,425,447.77,0,2020-11-24 17:00:59
X_川甘宁云小游戏16009,小游戏大厅_四川_甘肃_宁夏_云南_003,已运行,441,429.25,0,2020-11-24 17:00:58
X_川甘宁云小游戏16010,小游戏大厅_四川_甘肃_宁夏_云南_003,已运行,438,426.43,0,2020-11-24 17:00:58
X_川甘宁云小游戏16011,小游戏大厅_四川_甘肃_宁夏_云南_003,已运行,418,438.65,0,2020-11-24 17:00:58
X_川甘宁云小游戏16012,小游戏大厅_四川_甘肃_宁夏_云南_003,已运行,420,359.82,0,2020-11-24 17:00:58
X_川甘宁云小游戏16013,小游戏大厅_四川_甘肃_宁夏_云南_004,已运行,457,451.87,0,2020-11-24 17:00:59
X_川甘宁云小游戏16014,小游戏大厅_四川_甘肃_宁夏_云南_004,已运行,438,434.56,0,2020-11-24 17:00:59
X_川甘宁云小游戏16015,小游戏大厅_四川_甘肃_宁夏_云南_004,已运行,408,432.48,0,2020-11-24 17:00:59
X_川甘宁云小游戏16016,小游戏大厅_四川_甘肃_宁夏_云南_004,已运行,447,438.8,0,2020-11-24 17:00:59
X_川甘宁云小游戏16017,小游戏大厅_四川_甘肃_宁夏_云南_005,已运行,449,420.84,0,2020-11-24 17:00:59
X_川甘宁云小游戏16018,小游戏大厅_四川_甘肃_宁夏_云南_005,已运行,407,439.53,0,2020-11-24 17:00:59
X_川甘宁云小游戏16019,小游戏大厅_四川_甘肃_宁夏_云南_005,已运行,434,419.32,0,2020-11-24 17:00:59
X_川甘宁云小游戏16020,小游戏大厅_四川_甘肃_宁夏_云南_005,已运行,423,432.59,0,2020-11-24 17:00:59
X_川甘宁云小游戏16021,小游戏大厅_四川_甘肃_宁夏_云南_006,已运行,424,438.04,0,2020-11-24 17:00:58
X_川甘宁云小游戏16022,小游戏大厅_四川_甘肃_宁夏_云南_006,已运行,410,439.72,0,2020-11-24 17:00:58
X_川甘宁云小游戏16023,小游戏大厅_四川_甘肃_宁夏_云南_006,已运行,406,424.45,0,2020-11-24 17:00:58
X_川甘宁云小游戏16024,小游戏大厅_四川_甘肃_宁夏_云南_006,已运行,415,427.07,0,2020-11-24 17:00:58
X_川甘宁云小游戏16025,小游戏大厅_四川_甘肃_宁夏_云南_007,已运行,398,435.28,0,2020-11-24 17:00:58
X_川甘宁云小游戏16026,小游戏大厅_四川_甘肃_宁夏_云南_007,已运行,392,444.07,0,2020-11-24 17:00:58
X_川甘宁云小游戏16027,小游戏大厅_四川_甘肃_宁夏_云南_007,已运行,433,419.81,0,2020-11-24 17:00:58
X_川甘宁云小游戏16028,小游戏大厅_四川_甘肃_宁夏_云南_007,已运行,429,420.4,0,2020-11-24 17:00:58
X_川甘宁云小游戏16029,小游戏大厅_四川_甘肃_宁夏_云南_008,已运行,403,443.81,0,2020-11-24 17:00:58
X_川甘宁云小游戏16030,小游戏大厅_四川_甘肃_宁夏_云南_008,已运行,445,451.86,0,2020-11-24 17:00:58
X_川甘宁云小游戏16031,小游戏大厅_四川_甘肃_宁夏_云南_008,已运行,437,420.34,0,2020-11-24 17:00:58
X_川甘宁云小游戏16032,小游戏大厅_四川_甘肃_宁夏_云南_008,已运行,421,453.08,0,2020-11-24 17:00:58
X_晋内蒙小游戏22001,小游戏大厅_山西_内蒙_001,已运行,352,398.99,0,2020-11-24 17:00:58
X_晋内蒙小游戏22002,小游戏大厅_山西_内蒙_001,已运行,349,443.2,0,2020-11-24 17:00:58
X_晋内蒙小游戏22003,小游戏大厅_山西_内蒙_001,已运行,375,421.42,0,2020-11-24 17:00:58
X_晋内蒙小游戏22004,小游戏大厅_山西_内蒙_001,已运行,346,416.18,0,2020-11-24 17:00:58
X_晋内蒙小游戏22005,小游戏大厅_山西_内蒙_002,已运行,358,400.52,0,2020-11-24 17:00:58
X_晋内蒙小游戏22006,小游戏大厅_山西_内蒙_002,已运行,355,420.97,0,2020-11-24 17:00:58
X_晋内蒙小游戏22007,小游戏大厅_山西_内蒙_002,已运行,381,406.62,0,2020-11-24 17:00:58
X_晋内蒙小游戏22008,小游戏大厅_山西_内蒙_002,已运行,354,401.51,0,2020-11-24 17:00:58
X_晋内蒙小游戏22009,小游戏大厅_山西_内蒙_003,已运行,353,392.4,0,2020-11-24 17:00:59
X_晋内蒙小游戏22010,小游戏大厅_山西_内蒙_003,已运行,326,406.81,0,2020-11-24 17:00:59
X_晋内蒙小游戏22011,小游戏大厅_山西_内蒙_003,已运行,354,409.56,0,2020-11-24 17:00:59
X_晋内蒙小游戏22012,小游戏大厅_山西_内蒙_003,已运行,342,397.5,0,2020-11-24 17:00:59
X_湘小游戏19001,小游戏大厅_湖南_001,已运行,318,442.23,0,2020-11-24 17:00:59
X_湘小游戏19002,小游戏大厅_湖南_001,已运行,360,418.8,0,2020-11-24 17:00:59
X_湘小游戏19003,小游戏大厅_湖南_001,已运行,375,396.1,0,2020-11-24 17:00:59
X_湘小游戏19004,小游戏大厅_湖南_001,已运行,325,443.74,0,2020-11-24 17:00:59
X_湘小游戏19005,小游戏大厅_湖南_002,已运行,319,417.2,0,2020-11-24 17:00:59
X_湘小游戏19006,小游戏大厅_湖南_002,已运行,316,413.36,0,2020-11-24 17:00:59
X_湘小游戏19007,小游戏大厅_湖南_002,已运行,331,426.64,0,2020-11-24 17:00:59
X_湘小游戏19008,小游戏大厅_湖南_002,已运行,295,470.66,0,2020-11-24 17:00:59
X_湘小游戏19009,小游戏大厅_湖南_003,已运行,299,435.18,0,2020-11-24 17:00:58
X_湘小游戏19010,小游戏大厅_湖南_003,已运行,345,423.65,0,2020-11-24 17:00:58
X_湘小游戏19011,小游戏大厅_湖南_003,已运行,386,419.3,0,2020-11-24 17:00:58
X_湘小游戏19012,小游戏大厅_湖南_003,已运行,332,424.46,0,2020-11-24 17:00:58
X_粤桂琼小游戏18001,小游戏大厅_广东_广西_海南_001,已运行,448,434.56,0,2020-11-24 17:00:58
X_粤桂琼小游戏18002,小游戏大厅_广东_广西_海南_001,已运行,472,449.25,0,2020-11-24 17:00:58
X_粤桂琼小游戏18003,小游戏大厅_广东_广西_海南_001,已运行,418,455.91,0,2020-11-24 17:00:58
X_粤桂琼小游戏18004,小游戏大厅_广东_广西_海南_001,已运行,446,439.76,0,2020-11-24 17:00:58
X_粤桂琼小游戏18005,小游戏大厅_广东_广西_海南_002,已运行,465,449.3,0,2020-11-24 17:00:58
X_粤桂琼小游戏18006,小游戏大厅_广东_广西_海南_002,已运行,441,440.2,0,2020-11-24 17:00:58
X_粤桂琼小游戏18007,小游戏大厅_广东_广西_海南_002,已运行,430,457.28,0,2020-11-24 17:00:58
X_粤桂琼小游戏18008,小游戏大厅_广东_广西_海南_002,已运行,407,425.68,0,2020-11-24 17:00:58
X_粤桂琼小游戏18009,小游戏大厅_广东_广西_海南_003,已运行,439,440.57,0,2020-11-24 17:00:59
X_粤桂琼小游戏18010,小游戏大厅_广东_广西_海南_003,已运行,454,464.87,0,2020-11-24 17:00:59
X_粤桂琼小游戏18011,小游戏大厅_广东_广西_海南_003,已运行,445,450.88,0,2020-11-24 17:00:59
X_粤桂琼小游戏18012,小游戏大厅_广东_广西_海南_003,已运行,430,420.2,0,2020-11-24 17:00:59
X_苏皖浙沪小游戏25001,小游戏大厅_江苏_安徽_浙江_上海_001,已运行,464,439.96,0,2020-11-24 17:00:58
X_苏皖浙沪小游戏25002,小游戏大厅_江苏_安徽_浙江_上海_001,已运行,515,453.94,0,2020-11-24 17:00:58
X_苏皖浙沪小游戏25003,小游戏大厅_江苏_安徽_浙江_上海_001,已运行,470,470.24,0,2020-11-24 17:00:58
X_苏皖浙沪小游戏25004,小游戏大厅_江苏_安徽_浙江_上海_001,已运行,503,480.15,0,2020-11-24 17:00:58
X_苏皖浙沪小游戏25005,小游戏大厅_江苏_安徽_浙江_上海_002,已运行,511,459.21,0,2020-11-24 17:00:58
X_苏皖浙沪小游戏25006,小游戏大厅_江苏_安徽_浙江_上海_002,已运行,496,466.66,0,2020-11-24 17:00:58
X_苏皖浙沪小游戏25007,小游戏大厅_江苏_安徽_浙江_上海_002,已运行,499,457.46,0,2020-11-24 17:00:58
X_苏皖浙沪小游戏25008,小游戏大厅_江苏_安徽_浙江_上海_002,已运行,487,446.95,0,2020-11-24 17:00:58
X_苏皖浙沪小游戏25009,小游戏大厅_江苏_安徽_浙江_上海_003,已运行,527,448.41,0,2020-11-24 17:00:59
X_苏皖浙沪小游戏25010,小游戏大厅_江苏_安徽_浙江_上海_003,已运行,508,482.25,0,2020-11-24 17:00:59
X_苏皖浙沪小游戏25011,小游戏大厅_江苏_安徽_浙江_上海_003,已运行,501,469.99,0,2020-11-24 17:00:59
X_苏皖浙沪小游戏25012,小游戏大厅_江苏_安徽_浙江_上海_003,已运行,492,460.06,0,2020-11-24 17:00:59
X_豫小游戏24001,小游戏大厅_河南_001,已运行,214,388.49,0,2020-11-24 17:00:59
X_豫小游戏24002,小游戏大厅_河南_001,已运行,183,371.28,0,2020-11-24 17:00:59
X_豫小游戏24003,小游戏大厅_河南_001,已运行,184,379.11,0,2020-11-24 17:00:59
X_豫小游戏24004,小游戏大厅_河南_001,已运行,213,371.43,0,2020-11-24 17:00:59
X_豫小游戏24005,小游戏大厅_河南_002,已运行,227,374.09,0,2020-11-24 17:00:58
X_豫小游戏24006,小游戏大厅_河南_002,已运行,210,378.89,0,2020-11-24 17:00:58
X_豫小游戏24007,小游戏大厅_河南_002,已运行,191,377.74,0,2020-11-24 17:00:58
X_豫小游戏24008,小游戏大厅_河南_002,已运行,201,369.5,0,2020-11-24 17:00:58
X_豫小游戏24009,小游戏大厅_河南_003,已运行,200,367.72,0,2020-11-24 17:00:59
X_豫小游戏24010,小游戏大厅_河南_003,已运行,206,363.41,0,2020-11-24 17:00:59
X_豫小游戏24011,小游戏大厅_河南_003,已运行,184,371.86,0,2020-11-24 17:00:59
X_豫小游戏24012,小游戏大厅_河南_003,已运行,189,366.6,0,2020-11-24 17:00:59
X_豫小游戏24013,小游戏大厅_河南_004,已运行,190,371.39,0,2020-11-24 17:00:59
X_豫小游戏24014,小游戏大厅_河南_004,已运行,230,325.69,0,2020-11-24 17:00:59
X_豫小游戏24015,小游戏大厅_河南_004,已运行,220,369.29,0,2020-11-24 17:00:59
X_豫小游戏24016,小游戏大厅_河南_004,已运行,208,375.6,0,2020-11-24 17:00:59
X_豫小游戏24017,小游戏大厅_河南_005,已运行,221,367.3,0,2020-11-24 17:00:58
X_豫小游戏24018,小游戏大厅_河南_005,已运行,189,367.48,0,2020-11-24 17:00:58
X_豫小游戏24019,小游戏大厅_河南_005,已运行,215,365.74,0,2020-11-24 17:00:58
X_豫小游戏24020,小游戏大厅_河南_005,已运行,212,374.88,0,2020-11-24 17:00:58
X_豫小游戏24021,小游戏大厅_河南_006,已运行,204,382.08,0,2020-11-24 17:00:58
X_豫小游戏24022,小游戏大厅_河南_006,已运行,181,378.59,0,2020-11-24 17:00:58
X_豫小游戏24023,小游戏大厅_河南_006,已运行,181,372.08,0,2020-11-24 17:00:58
X_豫小游戏24024,小游戏大厅_河南_006,已运行,202,355.5,0,2020-11-24 17:00:58
X_贵小游戏14001,小游戏大厅_贵州_001,已运行,435,437.29,0,2020-11-24 17:00:58
X_贵小游戏14002,小游戏大厅_贵州_001,已运行,390,484.55,0,2020-11-24 17:00:58
X_贵小游戏14003,小游戏大厅_贵州_001,已运行,471,454.9,0,2020-11-24 17:00:58
X_贵小游戏14004,小游戏大厅_贵州_001,已运行,395,434.18,0,2020-11-24 17:00:58
X_贵小游戏14005,小游戏大厅_贵州_002,已运行,452,453.32,0,2020-11-24 17:00:58
X_贵小游戏14006,小游戏大厅_贵州_002,已运行,460,442.07,0,2020-11-24 17:00:58
X_贵小游戏14007,小游戏大厅_贵州_002,已运行,403,440.54,0,2020-11-24 17:00:58
X_贵小游戏14008,小游戏大厅_贵州_002,已运行,439,456.75,0,2020-11-24 17:00:58
X_贵小游戏14009,小游戏大厅_贵州_003,已运行,402,471.56,0,2020-11-24 17:00:59
X_贵小游戏14010,小游戏大厅_贵州_003,已运行,432,450.3,0,2020-11-24 17:00:59
X_贵小游戏14011,小游戏大厅_贵州_003,已运行,414,435.5,0,2020-11-24 17:00:59
X_贵小游戏14012,小游戏大厅_贵州_003,已运行,408,441.68,0,2020-11-24 17:00:59
X_贵小游戏14013,小游戏大厅_贵州_004,已运行,414,485.4,0,2020-11-24 17:00:59
X_贵小游戏14014,小游戏大厅_贵州_004,已运行,401,443.52,0,2020-11-24 17:00:59
X_贵小游戏14015,小游戏大厅_贵州_004,已运行,411,461.32,0,2020-11-24 17:00:59
X_贵小游戏14016,小游戏大厅_贵州_004,已运行,440,459.77,0,2020-11-24 17:00:59
X_贵小游戏14017,小游戏大厅_贵州_005,已运行,400,438.96,0,2020-11-24 17:00:59
X_贵小游戏14018,小游戏大厅_贵州_005,已运行,430,466.51,0,2020-11-24 17:00:59
X_贵小游戏14019,小游戏大厅_贵州_005,已运行,419,451.93,0,2020-11-24 17:00:59
X_贵小游戏14020,小游戏大厅_贵州_005,已运行,450,465.21,0,2020-11-24 17:00:59
X_贵小游戏14021,小游戏大厅_贵州_006,已运行,435,439.38,0,2020-11-24 17:00:59
X_贵小游戏14022,小游戏大厅_贵州_006,已运行,407,444.28,0,2020-11-24 17:00:59
X_贵小游戏14023,小游戏大厅_贵州_006,已运行,413,458.76,0,2020-11-24 17:00:59
X_贵小游戏14024,小游戏大厅_贵州_006,已运行,479,434.91,0,2020-11-24 17:00:59
X_贵小游戏14025,小游戏大厅_贵州_007,已运行,407,468.23,0,2020-11-24 17:00:59
X_贵小游戏14026,小游戏大厅_贵州_007,已运行,427,463.18,0,2020-11-24 17:00:59
X_贵小游戏14027,小游戏大厅_贵州_007,已运行,377,444.43,0,2020-11-24 17:00:59
X_贵小游戏14028,小游戏大厅_贵州_007,已运行,398,446.41,0,2020-11-24 17:00:59
X_贵小游戏14029,小游戏大厅_贵州_008,已运行,433,438.52,0,2020-11-24 17:00:58
X_贵小游戏14030,小游戏大厅_贵州_008,已运行,444,447.22,0,2020-11-24 17:00:58
X_贵小游戏14031,小游戏大厅_贵州_008,已运行,435,457.62,0,2020-11-24 17:00:58
X_贵小游戏14032,小游戏大厅_贵州_008,已运行,467,471.11,0,2020-11-24 17:00:58
X_贵小游戏14033,小游戏大厅_贵州_009,已运行,408,482.5,0,2020-11-24 17:00:59
X_贵小游戏14034,小游戏大厅_贵州_009,已运行,420,457.43,0,2020-11-24 17:00:59
X_贵小游戏14035,小游戏大厅_贵州_009,已运行,469,435.61,0,2020-11-24 17:00:59
X_贵小游戏14036,小游戏大厅_贵州_009,已运行,401,455.23,0,2020-11-24 17:00:59
X_贵小游戏14037,小游戏大厅_贵州_010,已运行,430,448.17,0,2020-11-24 17:00:59
X_贵小游戏14038,小游戏大厅_贵州_010,已运行,442,441.64,0,2020-11-24 17:00:59
X_贵小游戏14039,小游戏大厅_贵州_010,已运行,476,444.88,0,2020-11-24 17:00:59
X_贵小游戏14040,小游戏大厅_贵州_010,已运行,401,443.75,0,2020-11-24 17:00:59
X_贵小游戏14041,小游戏大厅_贵州_011,已运行,426,461.99,0,2020-11-24 17:00:59
X_贵小游戏14042,小游戏大厅_贵州_011,已运行,457,471.89,0,2020-11-24 17:00:59
X_贵小游戏14043,小游戏大厅_贵州_011,已运行,460,467.56,0,2020-11-24 17:00:59
X_贵小游戏14044,小游戏大厅_贵州_011,已运行,426,485.23,0,2020-11-24 17:00:59
X_贵小游戏14045,小游戏大厅_贵州_012,已运行,427,435.69,0,2020-11-24 17:00:58
X_贵小游戏14046,小游戏大厅_贵州_012,已运行,446,450.19,0,2020-11-24 17:00:58
X_贵小游戏14047,小游戏大厅_贵州_012,已运行,425,420.29,0,2020-11-24 17:00:58
X_贵小游戏14048,小游戏大厅_贵州_012,已运行,443,440.18,0,2020-11-24 17:00:58
X_贵小游戏14049,小游戏大厅_贵州_013,已运行,416,446.96,0,2020-11-24 17:00:59
X_贵小游戏14050,小游戏大厅_贵州_013,已运行,409,431.3,0,2020-11-24 17:00:59
X_贵小游戏14051,小游戏大厅_贵州_013,已运行,432,464.55,0,2020-11-24 17:00:59
X_贵小游戏14052,小游戏大厅_贵州_013,已运行,408,439.21,0,2020-11-24 17:00:59
X_贵小游戏14053,小游戏大厅_贵州_014,已运行,422,404.23,0,2020-11-24 17:00:58
X_贵小游戏14054,小游戏大厅_贵州_014,已运行,480,443.94,0,2020-11-24 17:00:58
X_贵小游戏14055,小游戏大厅_贵州_014,已运行,444,434.76,0,2020-11-24 17:00:58
X_贵小游戏14056,小游戏大厅_贵州_014,已运行,393,431.39,0,2020-11-24 17:00:58
X_贵小游戏14057,小游戏大厅_贵州_015,已运行,435,456.27,0,2020-11-24 17:00:58
X_贵小游戏14058,小游戏大厅_贵州_015,已运行,398,460.32,0,2020-11-24 17:00:58
X_贵小游戏14059,小游戏大厅_贵州_015,已运行,440,461.66,0,2020-11-24 17:00:58
X_贵小游戏14060,小游戏大厅_贵州_015,已运行,456,445.73,0,2020-11-24 17:00:58
X_贵小游戏14061,小游戏大厅_贵州_016,已运行,439,464.07,0,2020-11-24 17:00:59
X_贵小游戏14062,小游戏大厅_贵州_016,已运行,405,483.17,0,2020-11-24 17:00:59
X_贵小游戏14063,小游戏大厅_贵州_016,已运行,432,446.14,0,2020-11-24 17:00:59
X_贵小游戏14064,小游戏大厅_贵州_016,已运行,462,450.64,0,2020-11-24 17:00:59
X_贵小游戏14065,小游戏大厅_贵州_017,已运行,456,438.01,0,2020-11-24 17:00:58
X_贵小游戏14066,小游戏大厅_贵州_017,已运行,429,441.89,0,2020-11-24 17:00:58
X_贵小游戏14067,小游戏大厅_贵州_017,已运行,417,440.83,0,2020-11-24 17:00:58
X_贵小游戏14068,小游戏大厅_贵州_017,已运行,422,437.33,0,2020-11-24 17:00:58
X_贵小游戏14069,小游戏大厅_贵州_018,已运行,413,482.39,0,2020-11-24 17:00:59
X_贵小游戏14070,小游戏大厅_贵州_018,已运行,463,459.06,0,2020-11-24 17:00:59
X_贵小游戏14071,小游戏大厅_贵州_018,已运行,422,454,0,2020-11-24 17:00:59
X_贵小游戏14072,小游戏大厅_贵州_018,已运行,440,444.65,0,2020-11-24 17:00:59
X_贵小游戏14073,小游戏大厅_贵州_019,已运行,410,470.51,0,2020-11-24 17:00:58
X_贵小游戏14074,小游戏大厅_贵州_019,已运行,428,476.66,0,2020-11-24 17:00:58
X_贵小游戏14075,小游戏大厅_贵州_019,已运行,421,424.84,0,2020-11-24 17:00:58
X_贵小游戏14076,小游戏大厅_贵州_019,已运行,412,456.37,0,2020-11-24 17:00:58
X_贵小游戏14077,小游戏大厅_贵州_020,已运行,443,460.13,0,2020-11-24 17:00:58
X_贵小游戏14078,小游戏大厅_贵州_020,已运行,419,448.52,0,2020-11-24 17:00:58
X_贵小游戏14079,小游戏大厅_贵州_020,已运行,407,447.37,0,2020-11-24 17:00:58
X_贵小游戏14080,小游戏大厅_贵州_020,已运行,455,457.72,0,2020-11-24 17:00:58
X_贵小游戏14081,小游戏大厅_贵州_021,已运行,434,466.64,0,2020-11-24 17:00:59
X_贵小游戏14082,小游戏大厅_贵州_021,已运行,410,411.39,0,2020-11-24 17:00:59
X_贵小游戏14083,小游戏大厅_贵州_021,已运行,398,443.32,0,2020-11-24 17:00:59
X_贵小游戏14084,小游戏大厅_贵州_021,已运行,429,454.34,0,2020-11-24 17:00:59
X_贵小游戏14085,小游戏大厅_贵州_022,已运行,439,467.45,0,2020-11-24 17:00:59
X_贵小游戏14086,小游戏大厅_贵州_022,已运行,434,463.62,0,2020-11-24 17:00:59
X_贵小游戏14087,小游戏大厅_贵州_022,已运行,437,469.38,0,2020-11-24 17:00:59
X_贵小游戏14088,小游戏大厅_贵州_022,已运行,420,472.64,0,2020-11-24 17:00:59
X_贵小游戏14089,小游戏大厅_贵州_023,已运行,420,459.99,0,2020-11-24 17:00:58
X_贵小游戏14090,小游戏大厅_贵州_023,已运行,420,448.5,0,2020-11-24 17:00:58
X_贵小游戏14091,小游戏大厅_贵州_023,已运行,408,490.18,0,2020-11-24 17:00:58
X_贵小游戏14092,小游戏大厅_贵州_023,已运行,456,479.85,0,2020-11-24 17:00:58
X_贵小游戏14093,小游戏大厅_贵州_024,已运行,412,465.16,0,2020-11-24 17:00:59
X_贵小游戏14094,小游戏大厅_贵州_024,已运行,411,426.22,0,2020-11-24 17:00:59
X_贵小游戏14095,小游戏大厅_贵州_024,已运行,393,452.8,0,2020-11-24 17:00:59
X_贵小游戏14096,小游戏大厅_贵州_024,已运行,408,452.72,0,2020-11-24 17:00:59
X_赣闽小游戏17001,小游戏大厅_江西_福建_001,已运行,453,430.19,0,2020-11-24 17:00:59
X_赣闽小游戏17002,小游戏大厅_江西_福建_001,已运行,406,453.09,0,2020-11-24 17:00:59
X_赣闽小游戏17003,小游戏大厅_江西_福建_001,已运行,471,465.75,0,2020-11-24 17:00:59
X_赣闽小游戏17004,小游戏大厅_江西_福建_001,已运行,468,434.09,0,2020-11-24 17:00:59
X_赣闽小游戏17005,小游戏大厅_江西_福建_002,已运行,459,445.8,0,2020-11-24 17:00:59
X_赣闽小游戏17006,小游戏大厅_江西_福建_002,已运行,412,439.82,0,2020-11-24 17:00:59
X_赣闽小游戏17007,小游戏大厅_江西_福建_002,已运行,457,431.04,0,2020-11-24 17:00:59
X_赣闽小游戏17008,小游戏大厅_江西_福建_002,已运行,471,424.72,0,2020-11-24 17:00:59
X_赣闽小游戏17009,小游戏大厅_江西_福建_003,已运行,454,438.08,0,2020-11-24 17:00:58
X_赣闽小游戏17010,小游戏大厅_江西_福建_003,已运行,446,437.88,0,2020-11-24 17:00:58
X_赣闽小游戏17011,小游戏大厅_江西_福建_003,已运行,426,447.34,0,2020-11-24 17:00:58
X_赣闽小游戏17012,小游戏大厅_江西_福建_003,已运行,464,435.96,0,2020-11-24 17:00:58
X_赣闽小游戏17013,小游戏大厅_江西_福建_004,已运行,446,425.71,0,2020-11-24 17:00:58
X_赣闽小游戏17014,小游戏大厅_江西_福建_004,已运行,467,439.56,0,2020-11-24 17:00:58
X_赣闽小游戏17015,小游戏大厅_江西_福建_004,已运行,398,423.64,0,2020-11-24 17:00:58
X_赣闽小游戏17016,小游戏大厅_江西_福建_004,已运行,441,437.5,0,2020-11-24 17:00:58
X_赣闽小游戏17017,小游戏大厅_江西_福建_005,已运行,474,442.93,0,2020-11-24 17:00:59
X_赣闽小游戏17018,小游戏大厅_江西_福建_005,已运行,478,453.8,0,2020-11-24 17:00:59
X_赣闽小游戏17019,小游戏大厅_江西_福建_005,已运行,456,437.56,0,2020-11-24 17:00:59
X_赣闽小游戏17020,小游戏大厅_江西_福建_005,已运行,490,432.26,0,2020-11-24 17:00:59
X_赣闽小游戏17021,小游戏大厅_江西_福建_006,已运行,417,443.74,0,2020-11-24 17:00:58
X_赣闽小游戏17022,小游戏大厅_江西_福建_006,已运行,462,430.88,0,2020-11-24 17:00:58
X_赣闽小游戏17023,小游戏大厅_江西_福建_006,已运行,485,439.67,0,2020-11-24 17:00:58
X_赣闽小游戏17024,小游戏大厅_江西_福建_006,已运行,440,434.76,0,2020-11-24 17:00:58
X_赣闽小游戏17025,小游戏大厅_江西_福建_007,已运行,467,452.04,0,2020-11-24 17:00:58
X_赣闽小游戏17026,小游戏大厅_江西_福建_007,已运行,444,428.15,0,2020-11-24 17:00:58
X_赣闽小游戏17027,小游戏大厅_江西_福建_007,已运行,441,446.36,0,2020-11-24 17:00:58
X_赣闽小游戏17028,小游戏大厅_江西_福建_007,已运行,444,444.14,0,2020-11-24 17:00:58
X_赣闽小游戏17029,小游戏大厅_江西_福建_008,已运行,449,434.74,0,2020-11-24 17:00:58
X_赣闽小游戏17030,小游戏大厅_江西_福建_008,已运行,454,431.55,0,2020-11-24 17:00:58
X_赣闽小游戏17031,小游戏大厅_江西_福建_008,已运行,427,432.41,0,2020-11-24 17:00:58
X_赣闽小游戏17032,小游戏大厅_江西_福建_008,已运行,468,428.5,0,2020-11-24 17:00:58
X_赣闽小游戏17033,小游戏大厅_江西_福建_009,已运行,448,438.79,0,2020-11-24 17:00:58
X_赣闽小游戏17034,小游戏大厅_江西_福建_009,已运行,474,421.58,0,2020-11-24 17:00:58
X_赣闽小游戏17035,小游戏大厅_江西_福建_009,已运行,476,438.59,0,2020-11-24 17:00:58
X_赣闽小游戏17036,小游戏大厅_江西_福建_009,已运行,465,429.01,0,2020-11-24 17:00:58
X_赣闽小游戏17037,小游戏大厅_江西_福建_010,已运行,434,437.09,0,2020-11-24 17:00:59
X_赣闽小游戏17038,小游戏大厅_江西_福建_010,已运行,443,433.35,0,2020-11-24 17:00:59
X_赣闽小游戏17039,小游戏大厅_江西_福建_010,已运行,472,456.65,0,2020-11-24 17:00:59
X_赣闽小游戏17040,小游戏大厅_江西_福建_010,已运行,442,431.34,0,2020-11-24 17:00:59
X_辽小游戏12001,小游戏大厅_辽宁_001,已运行,291,443.66,0,2020-11-24 17:00:59
X_辽小游戏12002,小游戏大厅_辽宁_001,已运行,292,419.61,0,2020-11-24 17:00:59
X_辽小游戏12003,小游戏大厅_辽宁_001,已运行,328,433.21,0,2020-11-24 17:00:59
X_辽小游戏12004,小游戏大厅_辽宁_001,已运行,312,400.5,0,2020-11-24 17:00:59
X_辽小游戏12005,小游戏大厅_辽宁_002,已运行,321,421.62,0,2020-11-24 17:00:58
X_辽小游戏12006,小游戏大厅_辽宁_002,已运行,302,403.52,0,2020-11-24 17:00:58
X_辽小游戏12007,小游戏大厅_辽宁_002,已运行,305,384.41,0,2020-11-24 17:00:58
X_辽小游戏12008,小游戏大厅_辽宁_002,已运行,307,421.37,0,2020-11-24 17:00:58
X_辽小游戏12009,小游戏大厅_辽宁_003,已运行,332,431.53,0,2020-11-24 17:00:58
X_辽小游戏12010,小游戏大厅_辽宁_003,已运行,310,417.11,0,2020-11-24 17:00:58
X_辽小游戏12011,小游戏大厅_辽宁_003,已运行,310,441.18,0,2020-11-24 17:00:58
X_辽小游戏12012,小游戏大厅_辽宁_003,已运行,320,415.31,0,2020-11-24 17:00:58
X_辽小游戏12013,小游戏大厅_辽宁_004,已运行,321,430.62,0,2020-11-24 17:00:58
X_辽小游戏12014,小游戏大厅_辽宁_004,已运行,306,423.78,0,2020-11-24 17:00:58
X_辽小游戏12015,小游戏大厅_辽宁_004,已运行,315,415.38,0,2020-11-24 17:00:58
X_辽小游戏12016,小游戏大厅_辽宁_004,已运行,302,426.61,0,2020-11-24 17:00:58
X_辽小游戏12017,小游戏大厅_辽宁_005,已运行,321,441.47,0,2020-11-24 17:00:59
X_辽小游戏12018,小游戏大厅_辽宁_005,已运行,312,443.66,0,2020-11-24 17:00:59
X_辽小游戏12019,小游戏大厅_辽宁_005,已运行,309,438.18,0,2020-11-24 17:00:59
X_辽小游戏12020,小游戏大厅_辽宁_005,已运行,339,431.18,0,2020-11-24 17:00:59
X_辽小游戏12021,小游戏大厅_辽宁_006,已运行,310,446.59,0,2020-11-24 17:00:58
X_辽小游戏12022,小游戏大厅_辽宁_006,已运行,329,425.8,0,2020-11-24 17:00:58
X_辽小游戏12023,小游戏大厅_辽宁_006,已运行,335,441.77,0,2020-11-24 17:00:58
X_辽小游戏12024,小游戏大厅_辽宁_006,已运行,284,419.6,0,2020-11-24 17:00:58
X_辽小游戏12025,小游戏大厅_辽宁_007,已运行,298,433.81,0,2020-11-24 17:00:59
X_辽小游戏12026,小游戏大厅_辽宁_007,已运行,335,426.36,0,2020-11-24 17:00:59
X_辽小游戏12027,小游戏大厅_辽宁_007,已运行,300,428.09,0,2020-11-24 17:00:59
X_辽小游戏12028,小游戏大厅_辽宁_007,已运行,318,440.56,0,2020-11-24 17:00:59
X_辽小游戏12029,小游戏大厅_辽宁_008,已运行,328,417.36,0,2020-11-24 17:00:58
X_辽小游戏12030,小游戏大厅_辽宁_008,已运行,349,426.9,0,2020-11-24 17:00:58
X_辽小游戏12031,小游戏大厅_辽宁_008,已运行,297,431.62,0,2020-11-24 17:00:58
X_辽小游戏12032,小游戏大厅_辽宁_008,已运行,299,429.24,0,2020-11-24 17:00:58
X_辽小游戏12033,小游戏大厅_辽宁_009,已运行,316,446.43,0,2020-11-24 17:00:59
X_辽小游戏12034,小游戏大厅_辽宁_009,已运行,338,414.11,0,2020-11-24 17:00:59
X_辽小游戏12035,小游戏大厅_辽宁_009,已运行,304,424.82,0,2020-11-24 17:00:59
X_辽小游戏12036,小游戏大厅_辽宁_009,已运行,292,435.45,0,2020-11-24 17:00:59
X_通用小游戏10001,小游戏大厅_通用_001,已运行,556,461.04,0,2020-11-24 17:00:59
X_通用小游戏10002,小游戏大厅_通用_001,已运行,571,462.37,0,2020-11-24 17:00:59
X_通用小游戏10003,小游戏大厅_通用_001,已运行,554,465.32,0,2020-11-24 17:00:59
X_通用小游戏10004,小游戏大厅_通用_001,已运行,590,456.62,0,2020-11-24 17:00:59
X_通用小游戏10005,小游戏大厅_通用_002,已运行,555,461.84,0,2020-11-24 17:00:58
X_通用小游戏10006,小游戏大厅_通用_002,已运行,556,449.63,0,2020-11-24 17:00:58
X_通用小游戏10007,小游戏大厅_通用_002,已运行,541,454.34,0,2020-11-24 17:00:58
X_通用小游戏10008,小游戏大厅_通用_002,已运行,576,430.73,0,2020-11-24 17:00:58
X_通用小游戏10009,小游戏大厅_通用_003,已运行,541,471.28,0,2020-11-24 17:00:59
X_通用小游戏10010,小游戏大厅_通用_003,已运行,578,456.02,0,2020-11-24 17:00:59
X_通用小游戏10011,小游戏大厅_通用_003,已运行,551,452.02,0,2020-11-24 17:00:59
X_通用小游戏10012,小游戏大厅_通用_003,已运行,600,491.49,0,2020-11-24 17:00:59
X_通用小游戏10013,小游戏大厅_通用_004,已运行,518,444.22,0,2020-11-24 17:00:58
X_通用小游戏10014,小游戏大厅_通用_004,已运行,574,465.3,0,2020-11-24 17:00:58
X_通用小游戏10015,小游戏大厅_通用_004,已运行,548,437.92,0,2020-11-24 17:00:58
X_通用小游戏10016,小游戏大厅_通用_004,已运行,585,458.07,0,2020-11-24 17:00:58
X_通用小游戏10017,小游戏大厅_通用_005,已运行,575,481.27,0,2020-11-24 17:00:58
X_通用小游戏10018,小游戏大厅_通用_005,已运行,559,438.54,0,2020-11-24 17:00:58
X_通用小游戏10019,小游戏大厅_通用_005,已运行,568,442.55,0,2020-11-24 17:00:58
X_通用小游戏10020,小游戏大厅_通用_005,已运行,549,464.59,0,2020-11-24 17:00:58
X_通用小游戏10021,小游戏大厅_通用_006,已运行,577,474.27,0,2020-11-24 17:00:58
X_通用小游戏10022,小游戏大厅_通用_006,已运行,566,465.88,0,2020-11-24 17:00:58
X_通用小游戏10023,小游戏大厅_通用_006,已运行,571,459.89,0,2020-11-24 17:00:58
X_通用小游戏10024,小游戏大厅_通用_006,已运行,550,440.68,0,2020-11-24 17:00:58
X_通用小游戏10025,小游戏大厅_通用_007,已运行,565,457.19,0,2020-11-24 17:00:59
X_通用小游戏10026,小游戏大厅_通用_007,已运行,555,422.79,0,2020-11-24 17:00:59
X_通用小游戏10027,小游戏大厅_通用_007,已运行,537,464.34,0,2020-11-24 17:00:59
X_通用小游戏10028,小游戏大厅_通用_007,已运行,565,446.77,0,2020-11-24 17:00:59
X_通用小游戏10029,小游戏大厅_通用_008,已运行,584,440.6,0,2020-11-24 17:00:59
X_通用小游戏10030,小游戏大厅_通用_008,已运行,535,433.89,0,2020-11-24 17:00:59
X_通用小游戏10031,小游戏大厅_通用_008,已运行,578,432.11,0,2020-11-24 17:00:59
X_通用小游戏10032,小游戏大厅_通用_008,已运行,569,440.66,0,2020-11-24 17:00:59
X_通用小游戏10033,小游戏大厅_通用_009,已运行,597,463.94,0,2020-11-24 17:00:59
X_通用小游戏10034,小游戏大厅_通用_009,已运行,559,428.03,0,2020-11-24 17:00:59
X_通用小游戏10035,小游戏大厅_通用_009,已运行,569,449.66,0,2020-11-24 17:00:59
X_通用小游戏10036,小游戏大厅_通用_009,已运行,579,467.5,0,2020-11-24 17:00:59
X_通用小游戏10037,小游戏大厅_通用_010,已运行,563,450.95,0,2020-11-24 17:00:59
X_通用小游戏10038,小游戏大厅_通用_010,已运行,583,446.94,0,2020-11-24 17:00:59
X_通用小游戏10039,小游戏大厅_通用_010,已运行,579,450.35,0,2020-11-24 17:00:59
X_通用小游戏10040,小游戏大厅_通用_010,已运行,553,465.46,0,2020-11-24 17:00:59
X_通用小游戏10041,小游戏大厅_通用_011,已运行,574,447.75,0,2020-11-24 17:00:59
X_通用小游戏10042,小游戏大厅_通用_011,已运行,577,461.66,0,2020-11-24 17:00:59
X_通用小游戏10043,小游戏大厅_通用_011,已运行,552,476.26,0,2020-11-24 17:00:59
X_通用小游戏10044,小游戏大厅_通用_011,已运行,573,456.98,0,2020-11-24 17:00:59
X_通用小游戏10045,小游戏大厅_通用_012,已运行,564,434.79,0,2020-11-24 17:00:59
X_通用小游戏10046,小游戏大厅_通用_012,已运行,616,462.64,0,2020-11-24 17:00:59
X_通用小游戏10047,小游戏大厅_通用_012,已运行,586,447.06,0,2020-11-24 17:00:59
X_通用小游戏10048,小游戏大厅_通用_012,已运行,524,470.12,0,2020-11-24 17:00:59
X_通用小游戏10049,小游戏大厅_通用_013,已运行,572,449.56,0,2020-11-24 17:00:59
X_通用小游戏10050,小游戏大厅_通用_013,已运行,560,460.95,0,2020-11-24 17:00:59
X_通用小游戏10051,小游戏大厅_通用_013,已运行,514,462.1,0,2020-11-24 17:00:59
X_通用小游戏10052,小游戏大厅_通用_013,已运行,555,452.74,0,2020-11-24 17:00:59
X_通用小游戏10053,小游戏大厅_通用_014,已运行,523,475.53,0,2020-11-24 17:00:58
X_通用小游戏10054,小游戏大厅_通用_014,已运行,556,448.17,0,2020-11-24 17:00:58
X_通用小游戏10055,小游戏大厅_通用_014,已运行,575,483.42,0,2020-11-24 17:00:58
X_通用小游戏10056,小游戏大厅_通用_014,已运行,570,453.72,0,2020-11-24 17:00:58
X_通用小游戏10057,小游戏大厅_通用_015,已运行,556,456.7,0,2020-11-24 17:00:59
X_通用小游戏10058,小游戏大厅_通用_015,已运行,578,455.27,0,2020-11-24 17:00:59
X_通用小游戏10059,小游戏大厅_通用_015,已运行,604,486.53,0,2020-11-24 17:00:59
X_通用小游戏10060,小游戏大厅_通用_015,已运行,554,447.98,0,2020-11-24 17:00:59
X_通用小游戏10061,小游戏大厅_通用_016,已运行,540,458.27,0,2020-11-24 17:00:59
X_通用小游戏10062,小游戏大厅_通用_016,已运行,557,440.93,0,2020-11-24 17:00:59
X_通用小游戏10063,小游戏大厅_通用_016,已运行,543,397.11,0,2020-11-24 17:00:59
X_通用小游戏10064,小游戏大厅_通用_016,已运行,559,431.54,0,2020-11-24 17:00:59
X_通用小游戏10065,小游戏大厅_通用_017,已运行,531,452.79,0,2020-11-24 17:00:58
X_通用小游戏10066,小游戏大厅_通用_017,已运行,577,483.03,0,2020-11-24 17:00:58
X_通用小游戏10067,小游戏大厅_通用_017,已运行,522,478.27,0,2020-11-24 17:00:58
X_通用小游戏10068,小游戏大厅_通用_017,已运行,580,488.38,0,2020-11-24 17:00:58
X_通用小游戏10069,小游戏大厅_通用_018,已运行,568,446.46,0,2020-11-24 17:00:58
X_通用小游戏10070,小游戏大厅_通用_018,已运行,532,452.54,0,2020-11-24 17:00:58
X_通用小游戏10071,小游戏大厅_通用_018,已运行,543,442.6,0,2020-11-24 17:00:58
X_通用小游戏10072,小游戏大厅_通用_018,已运行,554,474.32,0,2020-11-24 17:00:58
X_鄂小游戏20001,小游戏大厅_湖北_001,已运行,296,373.12,0,2020-11-24 17:00:58
X_鄂小游戏20002,小游戏大厅_湖北_001,已运行,279,378.64,0,2020-11-24 17:00:58
X_鄂小游戏20003,小游戏大厅_湖北_001,已运行,309,361.51,0,2020-11-24 17:00:58
X_鄂小游戏20004,小游戏大厅_湖北_001,已运行,275,370.14,0,2020-11-24 17:00:58
X_鄂小游戏20005,小游戏大厅_湖北_002,已运行,305,381.03,0,2020-11-24 17:00:59
X_鄂小游戏20006,小游戏大厅_湖北_002,已运行,272,370.55,0,2020-11-24 17:00:59
X_鄂小游戏20007,小游戏大厅_湖北_002,已运行,284,378.94,0,2020-11-24 17:00:59
X_鄂小游戏20008,小游戏大厅_湖北_002,已运行,316,380.94,0,2020-11-24 17:00:59
X_陕小游戏15001,小游戏大厅_陕西_001,已运行,562,450.17,0,2020-11-24 17:00:59
X_陕小游戏15002,小游戏大厅_陕西_001,已运行,547,457.12,0,2020-11-24 17:00:59
X_陕小游戏15003,小游戏大厅_陕西_001,已运行,529,435.88,0,2020-11-24 17:00:59
X_陕小游戏15004,小游戏大厅_陕西_001,已运行,538,444.34,0,2020-11-24 17:00:59
X_陕小游戏15005,小游戏大厅_陕西_002,已运行,577,445.84,0,2020-11-24 17:00:59
X_陕小游戏15006,小游戏大厅_陕西_002,已运行,504,424.26,0,2020-11-24 17:00:59
X_陕小游戏15007,小游戏大厅_陕西_002,已运行,574,448.55,0,2020-11-24 17:00:59
X_陕小游戏15008,小游戏大厅_陕西_002,已运行,507,435.27,0,2020-11-24 17:00:59
X_陕小游戏15009,小游戏大厅_陕西_003,已运行,527,430.45,0,2020-11-24 17:00:58
X_陕小游戏15010,小游戏大厅_陕西_003,已运行,501,451.35,0,2020-11-24 17:00:58
X_陕小游戏15011,小游戏大厅_陕西_003,已运行,546,457.75,0,2020-11-24 17:00:58
X_陕小游戏15012,小游戏大厅_陕西_003,已运行,596,439.32,0,2020-11-24 17:00:58
X_陕小游戏15013,小游戏大厅_陕西_004,已运行,550,447.43,0,2020-11-24 17:00:58
X_陕小游戏15014,小游戏大厅_陕西_004,已运行,522,450.92,0,2020-11-24 17:00:58
X_陕小游戏15015,小游戏大厅_陕西_004,已运行,537,424.62,0,2020-11-24 17:00:58
X_陕小游戏15016,小游戏大厅_陕西_004,已运行,526,439.52,0,2020-11-24 17:00:58
X_陕小游戏15017,小游戏大厅_陕西_005,已运行,517,423.2,0,2020-11-24 17:00:59
X_陕小游戏15018,小游戏大厅_陕西_005,已运行,548,446.12,0,2020-11-24 17:00:59
X_陕小游戏15019,小游戏大厅_陕西_005,已运行,537,442.03,0,2020-11-24 17:00:59
X_陕小游戏15020,小游戏大厅_陕西_005,已运行,526,445.29,0,2020-11-24 17:00:59
X_陕小游戏15021,小游戏大厅_陕西_006,已运行,502,422.5,0,2020-11-24 17:00:59
X_陕小游戏15022,小游戏大厅_陕西_006,已运行,523,438.34,0,2020-11-24 17:00:59
X_陕小游戏15023,小游戏大厅_陕西_006,已运行,533,363.02,0,2020-11-24 17:00:59
X_陕小游戏15024,小游戏大厅_陕西_006,已运行,543,375.73,0,2020-11-24 17:00:59
X_陕小游戏15025,小游戏大厅_陕西_007,已运行,520,447.59,0,2020-11-24 17:00:58
X_陕小游戏15026,小游戏大厅_陕西_007,已运行,501,443.37,0,2020-11-24 17:00:58
X_陕小游戏15027,小游戏大厅_陕西_007,已运行,514,433.57,0,2020-11-24 17:00:58
X_陕小游戏15028,小游戏大厅_陕西_007,已运行,508,435.58,0,2020-11-24 17:00:58
X_高防26001,小游戏大厅_高防_001,已运行,8,282.75,0,2020-11-24 17:00:58
X_高防26002,小游戏大厅_高防_001,已运行,6,278.6,0,2020-11-24 17:00:58
X_高防26003,小游戏大厅_高防_001,已运行,7,267.3,0,2020-11-24 17:00:58
X_高防26004,小游戏大厅_高防_001,已运行,7,265.2,0,2020-11-24 17:00:58
X_高防26005,小游戏大厅_高防_002,已运行,7,242.72,0,2020-11-24 17:00:58
X_高防26006,小游戏大厅_高防_002,已运行,6,196.85,0,2020-11-24 17:00:58
X_高防26007,小游戏大厅_高防_002,已运行,7,262.82,0,2020-11-24 17:00:58
X_高防26008,小游戏大厅_高防_002,已运行,8,266.69,0,2020-11-24 17:00:58
X_高防26009,小游戏大厅_高防_003,已运行,7,263.33,0,2020-11-24 17:00:59
X_高防26010,小游戏大厅_高防_003,已运行,7,260.78,0,2020-11-24 17:00:59
X_高防26011,小游戏大厅_高防_003,已运行,6,272.56,0,2020-11-24 17:00:59
X_高防26012,小游戏大厅_高防_003,已运行,7,262.79,0,2020-11-24 17:00:59
X_高防26013,小游戏大厅_高防_004,已运行,7,260.89,0,2020-11-24 17:00:58
X_高防26014,小游戏大厅_高防_004,已运行,7,258.43,0,2020-11-24 17:00:58
X_高防26015,小游戏大厅_高防_004,已运行,7,274.57,0,2020-11-24 17:00:58
X_高防26016,小游戏大厅_高防_004,已运行,6,270.77,0,2020-11-24 17:00:58
X_高防26017,小游戏大厅_高防_005,已运行,7,268.68,0,2020-11-24 17:00:59
X_高防26018,小游戏大厅_高防_005,已运行,6,271.3,0,2020-11-24 17:00:59
X_高防26019,小游戏大厅_高防_005,已运行,6,256.48,0,2020-11-24 17:00:59
X_高防26020,小游戏大厅_高防_005,已运行,8,267.4,0,2020-11-24 17:00:59
X_高防26021,小游戏大厅_高防_006,已运行,6,269.35,0,2020-11-24 17:00:59
X_高防26022,小游戏大厅_高防_006,已运行,8,254.14,0,2020-11-24 17:00:59
X_高防26023,小游戏大厅_高防_006,已运行,7,266.01,0,2020-11-24 17:00:59
X_高防26024,小游戏大厅_高防_006,已运行,7,264.02,0,2020-11-24 17:00:59
X_高防26025,小游戏大厅_高防_007,已运行,9,274.81,0,2020-11-24 17:00:58
X_高防26026,小游戏大厅_高防_007,已运行,7,274.36,0,2020-11-24 17:00:58
X_高防26027,小游戏大厅_高防_007,已运行,6,278.93,0,2020-11-24 17:00:58
X_高防26028,小游戏大厅_高防_007,已运行,6,252.3,0,2020-11-24 17:00:58
X_高防26029,小游戏大厅_高防_008,已运行,7,268.31,0,2020-11-24 17:00:58
X_高防26030,小游戏大厅_高防_008,已运行,7,276.13,0,2020-11-24 17:00:58
X_高防26031,小游戏大厅_高防_008,已运行,6,272.45,0,2020-11-24 17:00:58
X_高防26032,小游戏大厅_高防_008,已运行,9,266.11,0,2020-11-24 17:00:58
X_高防26033,小游戏大厅_高防_009,已运行,6,232.92,0,2020-11-24 17:00:58
X_高防26034,小游戏大厅_高防_009,已运行,6,235.37,0,2020-11-24 17:00:58
X_高防26035,小游戏大厅_高防_009,已运行,6,221.6,0,2020-11-24 17:00:58
X_高防26036,小游戏大厅_高防_009,已运行,6,214.65,0,2020-11-24 17:00:58
X_高防26037,小游戏大厅_高防_010,已运行,6,230.1,0,2020-11-24 17:00:58
X_高防26038,小游戏大厅_高防_010,已运行,6,229.27,0,2020-11-24 17:00:58
X_高防26039,小游戏大厅_高防_010,已运行,6,230.11,0,2020-11-24 17:00:58
X_高防26040,小游戏大厅_高防_010,已运行,6,224.27,0,2020-11-24 17:00:58
X_高防26041,小游戏大厅_高防_011,已运行,6,236.12,0,2020-11-24 17:00:59
X_高防26042,小游戏大厅_高防_011,已运行,6,234.58,0,2020-11-24 17:00:59
X_高防26043,小游戏大厅_高防_011,已运行,6,224.43,0,2020-11-24 17:00:59
X_高防26044,小游戏大厅_高防_011,已运行,6,234.95,0,2020-11-24 17:00:59
X_高防26045,小游戏大厅_高防_012,已运行,6,230.22,0,2020-11-24 17:00:58
X_高防26046,小游戏大厅_高防_012,已运行,6,214.64,0,2020-11-24 17:00:58
X_高防26047,小游戏大厅_高防_012,已运行,6,233.41,0,2020-11-24 17:00:58
X_高防26048,小游戏大厅_高防_012,已运行,6,232.47,0,2020-11-24 17:00:58
X_高防26049,小游戏大厅_高防_013,已运行,6,233.62,0,2020-11-24 17:00:58
X_高防26050,小游戏大厅_高防_013,已运行,6,231.48,0,2020-11-24 17:00:58
X_高防26051,小游戏大厅_高防_013,已运行,6,235.12,0,2020-11-24 17:00:58
X_高防26052,小游戏大厅_高防_013,已运行,6,228.88,0,2020-11-24 17:00:58
X_高防26053,小游戏大厅_高防_014,已运行,6,234.86,0,2020-11-24 17:00:59
X_高防26054,小游戏大厅_高防_014,已运行,6,232.56,0,2020-11-24 17:00:59
X_高防26055,小游戏大厅_高防_014,已运行,6,229.95,0,2020-11-24 17:00:59
X_高防26056,小游戏大厅_高防_014,已运行,6,232.21,0,2020-11-24 17:00:59
X_高防26057,小游戏大厅_高防_015,已运行,9,228.4,0,2020-11-24 17:00:58
X_高防26058,小游戏大厅_高防_015,已运行,6,234.1,0,2020-11-24 17:00:58
X_高防26059,小游戏大厅_高防_015,已运行,6,227.1,0,2020-11-24 17:00:58
X_高防26060,小游戏大厅_高防_015,已运行,6,223.7,0,2020-11-24 17:00:58
X_高防26061,小游戏大厅_高防_016,已运行,6,219.61,0,2020-11-24 17:00:58
X_高防26062,小游戏大厅_高防_016,已运行,6,228.05,0,2020-11-24 17:00:58
X_高防26063,小游戏大厅_高防_016,已运行,6,228.09,0,2020-11-24 17:00:58
X_高防26064,小游戏大厅_高防_016,已运行,6,231.04,0,2020-11-24 17:00:58
X_高防26065,小游戏大厅_高防_017,已运行,6,222.81,0,2020-11-24 17:00:59
X_高防26066,小游戏大厅_高防_017,已运行,6,222.49,0,2020-11-24 17:00:59
X_高防26067,小游戏大厅_高防_017,已运行,6,238.64,0,2020-11-24 17:00:59
X_高防26068,小游戏大厅_高防_017,已运行,6,230.63,0,2020-11-24 17:00:59
X_高防26069,小游戏大厅_高防_018,已运行,6,219.06,0,2020-11-24 17:00:58
X_高防26070,小游戏大厅_高防_018,已运行,6,225.84,0,2020-11-24 17:00:58
X_高防26071,小游戏大厅_高防_018,已运行,6,222.83,0,2020-11-24 17:00:58
X_高防26072,小游戏大厅_高防_018,已运行,6,228.99,0,2020-11-24 17:00:58
X_鲁小游戏21001,小游戏大厅_山东_001,已运行,529,441.36,0,2020-11-24 17:00:59
X_鲁小游戏21002,小游戏大厅_山东_001,已运行,536,385.48,0,2020-11-24 17:00:59
X_鲁小游戏21003,小游戏大厅_山东_001,已运行,570,442.47,0,2020-11-24 17:00:59
X_鲁小游戏21004,小游戏大厅_山东_001,已运行,518,459.77,0,2020-11-24 17:00:59
X_鲁小游戏21005,小游戏大厅_山东_002,已运行,529,425.15,0,2020-11-24 17:00:58
X_鲁小游戏21006,小游戏大厅_山东_002,已运行,507,451.17,0,2020-11-24 17:00:58
X_鲁小游戏21007,小游戏大厅_山东_002,已运行,556,431.91,0,2020-11-24 17:00:58
X_鲁小游戏21008,小游戏大厅_山东_002,已运行,499,434.42,0,2020-11-24 17:00:58
X_鲁小游戏21009,小游戏大厅_山东_003,已运行,536,432.61,0,2020-11-24 17:00:59
X_鲁小游戏21010,小游戏大厅_山东_003,已运行,517,428.61,0,2020-11-24 17:00:59
X_鲁小游戏21011,小游戏大厅_山东_003,已运行,530,422,0,2020-11-24 17:00:59
X_鲁小游戏21012,小游戏大厅_山东_003,已运行,501,427.09,0,2020-11-24 17:00:59
X_鲁小游戏21013,小游戏大厅_山东_004,已运行,507,443.54,0,2020-11-24 17:00:58
X_鲁小游戏21014,小游戏大厅_山东_004,已运行,499,427.98,0,2020-11-24 17:00:58
X_鲁小游戏21015,小游戏大厅_山东_004,已运行,517,446.33,0,2020-11-24 17:00:58
X_鲁小游戏21016,小游戏大厅_山东_004,已运行,522,420.14,0,2020-11-24 17:00:58
X_鲁小游戏21017,小游戏大厅_山东_005,已运行,528,415.11,0,2020-11-24 17:00:58
X_鲁小游戏21018,小游戏大厅_山东_005,已运行,512,452.78,0,2020-11-24 17:00:58
X_鲁小游戏21019,小游戏大厅_山东_005,已运行,543,428.7,0,2020-11-24 17:00:58
X_鲁小游戏21020,小游戏大厅_山东_005,已运行,579,436.93,0,2020-11-24 17:00:58
X_鲁小游戏21021,小游戏大厅_山东_006,已运行,480,450.91,0,2020-11-24 17:00:59
X_鲁小游戏21022,小游戏大厅_山东_006,已运行,555,463.45,0,2020-11-24 17:00:59
X_鲁小游戏21023,小游戏大厅_山东_006,已运行,482,447.81,0,2020-11-24 17:00:59
X_鲁小游戏21024,小游戏大厅_山东_006,已运行,545,454.88,0,2020-11-24 17:00:59
X_鲁小游戏21025,小游戏大厅_山东_007,已运行,465,400.99,0,2020-11-24 17:00:58
X_鲁小游戏21026,小游戏大厅_山东_007,已运行,503,431.86,0,2020-11-24 17:00:58
X_鲁小游戏21027,小游戏大厅_山东_007,已运行,505,416.32,0,2020-11-24 17:00:58
X_鲁小游戏21028,小游戏大厅_山东_007,已运行,521,433.2,0,2020-11-24 17:00:58
X_黑小游戏13001,小游戏大厅_黑龙江_001,已运行,510,456.48,0,2020-11-24 17:00:59
X_黑小游戏13002,小游戏大厅_黑龙江_001,已运行,535,466.72,0,2020-11-24 17:00:59
X_黑小游戏13003,小游戏大厅_黑龙江_001,已运行,495,469.77,0,2020-11-24 17:00:59
X_黑小游戏13004,小游戏大厅_黑龙江_001,已运行,545,473.57,0,2020-11-24 17:00:59
X_黑小游戏13005,小游戏大厅_黑龙江_002,已运行,540,482.04,0,2020-11-24 17:00:58
X_黑小游戏13006,小游戏大厅_黑龙江_002,已运行,483,488.18,0,2020-11-24 17:00:58
X_黑小游戏13007,小游戏大厅_黑龙江_002,已运行,501,473.82,0,2020-11-24 17:00:58
X_黑小游戏13008,小游戏大厅_黑龙江_002,已运行,515,459.77,0,2020-11-24 17:00:58
X_黑小游戏13009,小游戏大厅_黑龙江_003,已运行,529,445.41,0,2020-11-24 17:00:59
X_黑小游戏13010,小游戏大厅_黑龙江_003,已运行,491,378.5,0,2020-11-24 17:00:59
X_黑小游戏13011,小游戏大厅_黑龙江_003,已运行,537,443.54,0,2020-11-24 17:00:59
X_黑小游戏13012,小游戏大厅_黑龙江_003,已运行,462,439.14,0,2020-11-24 17:00:59
X_黑小游戏13013,小游戏大厅_黑龙江_004,已运行,522,451.8,0,2020-11-24 17:00:59
X_黑小游戏13014,小游戏大厅_黑龙江_004,已运行,510,439.22,0,2020-11-24 17:00:59
X_黑小游戏13015,小游戏大厅_黑龙江_004,已运行,494,440.48,0,2020-11-24 17:00:59
X_黑小游戏13016,小游戏大厅_黑龙江_004,已运行,506,436.13,0,2020-11-24 17:00:59
X_黑小游戏13017,小游戏大厅_黑龙江_005,已运行,508,462.66,0,2020-11-24 17:00:58
X_黑小游戏13018,小游戏大厅_黑龙江_005,已运行,531,458.33,0,2020-11-24 17:00:58
X_黑小游戏13019,小游戏大厅_黑龙江_005,已运行,506,423.39,0,2020-11-24 17:00:58
X_黑小游戏13020,小游戏大厅_黑龙江_005,已运行,494,476.43,0,2020-11-24 17:00:58
X_黑小游戏13021,小游戏大厅_黑龙江_006,已运行,496,429.23,0,2020-11-24 17:00:59
X_黑小游戏13022,小游戏大厅_黑龙江_006,已运行,471,437.55,0,2020-11-24 17:00:59
X_黑小游戏13023,小游戏大厅_黑龙江_006,已运行,464,455.19,0,2020-11-24 17:00:59
X_黑小游戏13024,小游戏大厅_黑龙江_006,已运行,502,439.34,0,2020-11-24 17:00:59
X_黑小游戏13025,小游戏大厅_黑龙江_007,已运行,491,442.64,0,2020-11-24 17:00:58
X_黑小游戏13026,小游戏大厅_黑龙江_007,已运行,507,457.84,0,2020-11-24 17:00:58
X_黑小游戏13027,小游戏大厅_黑龙江_007,已运行,518,461.89,0,2020-11-24 17:00:58
X_黑小游戏13028,小游戏大厅_黑龙江_007,已运行,478,455.45,0,2020-11-24 17:00:58
X_黑小游戏13029,小游戏大厅_黑龙江_008,已运行,495,428.51,0,2020-11-24 17:00:59
X_黑小游戏13030,小游戏大厅_黑龙江_008,已运行,486,458.28,0,2020-11-24 17:00:59
X_黑小游戏13031,小游戏大厅_黑龙江_008,已运行,508,437.07,0,2020-11-24 17:00:59
X_黑小游戏13032,小游戏大厅_黑龙江_008,已运行,507,457.76,0,2020-11-24 17:00:59