﻿游戏服务器,服务器名称,状态,负荷,内存,cpu,时间
代理大厅JX,小程序1--,已运行,1,21.3,0,2020-11-25 21:30:26
代理登陆JX,小程序1--,已运行,3,18.46,0,2020-11-25 21:30:26
反向代理websocket,小程序5--,已运行,7561,1305.66,0,2020-11-25 21:30:26
反向代理转websocket02,小程序2--,已运行,7641,1152.68,0,2020-11-25 21:30:26
反向代理转websocket03,小程序3--,已运行,7762,1183.93,0,2020-11-25 21:30:26
反向代理转websocket04,小程序4--,已运行,7643,1170.58,0,2020-11-25 21:30:27