﻿游戏服务器,服务器名称,状态,负荷,内存,cpu,时间
X_反向代理websocket,小游戏大厅_贵州_001,已运行,8201,592.81,0,2020-11-25 21:30:44
X_反向代理websocket,小游戏大厅_黑龙江_006,已运行,8601,622.91,0,2020-11-25 21:30:44
X_反向代理websocket,小游戏大厅_吉林_002,已运行,8903,639.05,0,2020-11-25 21:30:44
X_反向代理websocket,小游戏大厅_黑龙江_007,已运行,8457,613.16,0,2020-11-25 21:30:44
X_反向代理websocket,小游戏大厅_吉林_003,已运行,8755,633.73,0,2020-11-25 21:30:44
X_反向代理websocket,小游戏大厅_吉林_001,已运行,8835,637.94,0,2020-11-25 21:30:44
X_反向代理websocket,小游戏大厅_吉林_005,已运行,8810,636.21,0,2020-11-25 21:30:43
X_反向代理websocket,小游戏大厅_吉林_006,已运行,8858,643.66,0,2020-11-25 21:30:44
X_反向代理websocket,小游戏大厅_吉林_007,已运行,8823,642.61,0,2020-11-25 21:30:44
X_反向代理websocket,小游戏大厅_贵州_002,已运行,8283,604.28,0,2020-11-25 21:30:44
X_反向代理websocket,小游戏大厅_黑龙江_005,已运行,8444,607.4,0,2020-11-25 21:30:44
X_反向代理websocket,小游戏大厅_贵州_003,已运行,8221,596.38,0,2020-11-25 21:30:44
X_反向代理websocket,小游戏大厅_贵州_004,已运行,8320,602.76,0,2020-11-25 21:30:44
X_反向代理websocket,小游戏大厅_贵州_005,已运行,8332,607.04,0,2020-11-25 21:30:44
X_反向代理websocket,小游戏大厅_吉林_009,已运行,8724,630.21,0,2020-11-25 21:30:43
X_反向代理websocket,小游戏大厅_吉林_008,已运行,8830,636.18,0,2020-11-25 21:30:44
X_反向代理websocket,小游戏大厅_贵州_006,已运行,8257,598.09,0,2020-11-25 21:30:44
X_反向代理websocket,小游戏大厅_河北_北京_天津_005,已运行,8210,588.47,0,2020-11-25 21:30:44
X_反向代理websocket,小游戏大厅_辽宁_006,已运行,7767,563.56,0,2020-11-25 21:30:44
X_反向代理websocket,小游戏大厅_广东_广西_海南_002,已运行,8070,588.42,0,2020-11-25 21:30:44
X_反向代理websocket,小游戏大厅_河南_001,已运行,5782,417.02,0,2020-11-25 21:30:43
X_反向代理websocket,小游戏大厅_河北_北京_天津_001,已运行,8016,585.41,0,2020-11-25 21:30:44
X_反向代理websocket,小游戏大厅_河北_北京_天津_003,已运行,7836,571.96,0,2020-11-25 21:30:44
X_反向代理websocket,小游戏大厅_河北_北京_天津_002,已运行,7849,562.85,0,2020-11-25 21:30:44
X_反向代理websocket,小游戏大厅_河北_北京_天津_004,已运行,8054,577.52,0,2020-11-25 21:30:43
X_反向代理websocket,小游戏大厅_江苏_安徽_浙江_上海_001,已运行,9244,662.64,0,2020-11-25 21:30:43
X_反向代理websocket,小游戏大厅_江苏_安徽_浙江_上海_002,已运行,9182,652.42,0,2020-11-25 21:30:44
X_反向代理websocket,小游戏大厅_广东_广西_海南_001,已运行,8165,591.95,0,2020-11-25 21:30:44
X_反向代理websocket,小游戏大厅_贵州_007,已运行,8428,607.89,0,2020-11-25 21:30:44
X_反向代理websocket,小游戏大厅_辽宁_001,已运行,7688,560.77,0,2020-11-25 21:30:44
X_反向代理websocket,小游戏大厅_辽宁_002,已运行,7762,556.2,0,2020-11-25 21:30:44
X_反向代理websocket,小游戏大厅_辽宁_003,已运行,7761,561.4,0,2020-11-25 21:30:44
X_反向代理websocket,小游戏大厅_辽宁_004,已运行,7841,566.96,0,2020-11-25 21:30:44
X_反向代理websocket,小游戏大厅_辽宁_005,已运行,7561,544.29,0,2020-11-25 21:30:44
X_反向代理websocket,小游戏大厅_黑龙江_001,已运行,8514,606.88,0,2020-11-25 21:30:44
X_反向代理websocket,小游戏大厅_黑龙江_002,已运行,8338,603.01,0,2020-11-25 21:30:44
X_反向代理websocket,小游戏大厅_黑龙江_003,已运行,8416,609.93,0,2020-11-25 21:30:44
X_反向代理websocket,小游戏大厅_贵州_024,已运行,8163,900.86,0,2020-11-25 21:30:43
X_反向代理websocket,小游戏大厅_湖南_003,已运行,8208,590.47,0,2020-11-25 21:30:44
X_反向代理websocket,小游戏大厅_湖北_002,已运行,5744,423.29,0,2020-11-25 21:30:43
X_反向代理websocket,小游戏大厅_河南_004,已运行,5608,409.41,0,2020-11-25 21:30:44
X_反向代理websocket,小游戏大厅_河南_006,已运行,5716,420.4,0,2020-11-25 21:30:44
X_反向代理websocket,小游戏大厅_河南_005,已运行,5744,416.29,0,2020-11-25 21:30:44
X_反向代理websocket,小游戏大厅_江苏_安徽_浙江_上海_003,已运行,9445,675.55,0,2020-11-25 21:30:44
X_反向代理websocket,小游戏大厅_河北_北京_天津_006,已运行,7924,997.27,0,2020-11-25 21:30:44
X_反向代理websocket,小游戏大厅_广东_广西_海南_003,已运行,8264,595.34,0,2020-11-25 21:30:44
X_反向代理websocket,小游戏大厅_贵州_020,已运行,8129,912.5,0,2020-11-25 21:30:43
X_反向代理websocket,小游戏大厅_贵州_014,已运行,8501,610.84,0,2020-11-25 21:30:44
X_反向代理websocket,小游戏大厅_贵州_019,已运行,8425,921.98,0,2020-11-25 21:30:43
X_反向代理websocket,小游戏大厅_贵州_022,已运行,8241,931.68,0,2020-11-25 21:30:44
X_反向代理websocket,小游戏大厅_贵州_021,已运行,8192,919.6,0,2020-11-25 21:30:44
X_反向代理websocket,小游戏大厅_贵州_023,已运行,8337,931.62,0,2020-11-25 21:30:44
X_反向代理websocket,小游戏大厅_吉林_004,已运行,8856,638.24,0,2020-11-25 21:30:44
X_反向代理websocket,小游戏大厅_高防_001,已运行,18,8.87,0,2020-11-25 21:30:44
X_反向代理websocket,小游戏大厅_通用_001,已运行,8808,1053.43,0,2020-11-25 21:30:43
X_反向代理websocket,小游戏大厅_高防_015,已运行,20,9.82,0,2020-11-25 21:30:44
X_反向代理websocket,小游戏大厅_贵州_016,已运行,8155,596.82,0,2020-11-25 21:30:44
X_反向代理websocket,小游戏大厅_河南_003,已运行,5668,411.81,0,2020-11-25 21:30:43
X_反向代理websocket,小游戏大厅_贵州_008,已运行,8268,600.58,0,2020-11-25 21:30:44
X_反向代理websocket,小游戏大厅_贵州_010,已运行,8363,602.31,0,2020-11-25 21:30:44
X_反向代理websocket,小游戏大厅_贵州_009,已运行,8248,597.06,0,2020-11-25 21:30:44
X_反向代理websocket,小游戏大厅_贵州_011,已运行,8164,597.93,0,2020-11-25 21:30:44
X_反向代理websocket,小游戏大厅_贵州_012,已运行,8320,598.19,0,2020-11-25 21:30:44
X_反向代理websocket,小游戏大厅_辽宁_009,已运行,7679,545.2,0,2020-11-25 21:30:43
X_反向代理websocket,小游戏大厅_贵州_015,已运行,8409,612.78,0,2020-11-25 21:30:44
X_反向代理websocket,小游戏大厅_黑龙江_004,已运行,8362,599.47,0,2020-11-25 21:30:44
X_反向代理websocket,小游戏大厅_贵州_017,已运行,8314,606.82,0,2020-11-25 21:30:44
X_反向代理websocket,小游戏大厅_贵州_018,已运行,8415,603.55,0,2020-11-25 21:30:44
X_反向代理websocket,小游戏大厅_吉林_010,已运行,8684,624.98,0,2020-11-25 21:30:44
X_反向代理websocket,小游戏大厅_吉林_011,已运行,8892,634.61,0,2020-11-25 21:30:44
X_反向代理websocket,小游戏大厅_辽宁_007,已运行,7745,558.9,0,2020-11-25 21:30:44
X_反向代理websocket,小游戏大厅_辽宁_008,已运行,7700,549.62,0,2020-11-25 21:30:44
X_反向代理websocket,小游戏大厅_黑龙江_008,已运行,8238,591.62,0,2020-11-25 21:30:44
X_反向代理websocket,小游戏大厅_贵州_013,已运行,8288,596.55,0,2020-11-25 21:30:44
X_反向代理websocket,小游戏大厅_高防_005,已运行,23,9.35,0,2020-11-25 21:30:44
X_反向代理websocket,小游戏大厅_通用_008,已运行,8827,631.49,0,2020-11-25 21:30:44
X_反向代理websocket,小游戏大厅_江西_福建_002,已运行,9364,670.32,0,2020-11-25 21:30:44
X_反向代理websocket,小游戏大厅_江西_福建_001,已运行,9365,669.7,0,2020-11-25 21:30:44
X_反向代理websocket,小游戏大厅_江西_福建_003,已运行,9371,669.95,0,2020-11-25 21:30:44
X_反向代理websocket,小游戏大厅_江西_福建_004,已运行,9372,667.16,0,2020-11-25 21:30:43
X_反向代理websocket,小游戏大厅_江西_福建_005,已运行,9383,670.69,0,2020-11-25 21:30:43
X_反向代理websocket,小游戏大厅_高防_002,已运行,17,9.44,0,2020-11-25 21:30:44
X_反向代理websocket,小游戏大厅_高防_003,已运行,16,9.19,0,2020-11-25 21:30:44
X_反向代理websocket,小游戏大厅_高防_004,已运行,29,25.84,0,2020-11-25 21:30:44
X_反向代理websocket,小游戏大厅_通用_007,已运行,8839,630.74,0,2020-11-25 21:30:44
X_反向代理websocket,小游戏大厅_高防_006,已运行,13,9.28,0,2020-11-25 21:30:44
X_反向代理websocket,小游戏大厅_高防_007,已运行,24,8.97,0,2020-11-25 21:30:44
X_反向代理websocket,小游戏大厅_高防_008,已运行,23,10.49,0,2020-11-25 21:30:44
X_反向代理websocket,小游戏大厅_通用_009,已运行,8834,633.18,0,2020-11-25 21:30:44
X_反向代理websocket,小游戏大厅_江西_福建_006,已运行,9376,676.29,0,2020-11-25 21:30:44
X_反向代理websocket,小游戏大厅_山东_005,已运行,7988,566.74,0,2020-11-25 21:30:44
X_反向代理websocket,小游戏大厅_高防_009,已运行,26,10.05,0,2020-11-25 21:30:44
X_反向代理websocket,小游戏大厅_陕西_004,已运行,8618,617.33,0,2020-11-25 21:30:44
X_反向代理websocket,小游戏大厅_四川_甘肃_宁夏_云南_003,已运行,10004,720.52,0,2020-11-25 21:30:44
X_反向代理websocket,小游戏大厅_山西_内蒙_001,已运行,8248,582.05,0,2020-11-25 21:30:44
X_反向代理websocket,小游戏大厅_山西_内蒙_002,已运行,8389,601.69,0,2020-11-25 21:30:43
X_反向代理websocket,小游戏大厅_山东_001,已运行,8044,571.56,0,2020-11-25 21:30:44
X_反向代理websocket,小游戏大厅_山东_002,已运行,8162,579.08,0,2020-11-25 21:30:43
X_反向代理websocket,小游戏大厅_山东_003,已运行,8019,567.39,0,2020-11-25 21:30:44
X_反向代理websocket,小游戏大厅_山东_004,已运行,8135,579.14,0,2020-11-25 21:30:44
X_反向代理websocket,小游戏大厅_四川_甘肃_宁夏_云南_001,已运行,9945,719.3,0,2020-11-25 21:30:44
X_反向代理websocket,小游戏大厅_四川_甘肃_宁夏_云南_002,已运行,10197,723.95,0,2020-11-25 21:30:44
X_反向代理websocket,小游戏大厅_湖南_001,已运行,8153,596.38,0,2020-11-25 21:30:44
X_反向代理websocket,小游戏大厅_陕西_001,已运行,8773,630.97,0,2020-11-25 21:30:43
X_反向代理websocket,小游戏大厅_陕西_002,已运行,8763,632,0,2020-11-25 21:30:44
X_反向代理websocket,小游戏大厅_陕西_003,已运行,8622,619.67,0,2020-11-25 21:30:44
X_反向代理websocket,小游戏大厅_通用_002,已运行,8830,630.68,0,2020-11-25 21:30:44
X_反向代理websocket,小游戏大厅_通用_004,已运行,8819,632.88,0,2020-11-25 21:30:43
X_反向代理websocket,小游戏大厅_通用_003,已运行,8823,632.44,0,2020-11-25 21:30:44
X_反向代理websocket,小游戏大厅_通用_005,已运行,8804,628.01,0,2020-11-25 21:30:43
X_反向代理websocket,小游戏大厅_通用_006,已运行,8848,630.12,0,2020-11-25 21:30:44
X_反向代理websocket,小游戏大厅_湖北_001,已运行,5759,419.89,0,2020-11-25 21:30:44
X_反向代理websocket,小游戏大厅_通用_017,已运行,8797,634.35,0,2020-11-25 21:30:44
X_反向代理websocket,小游戏大厅_通用_018,已运行,8823,634.14,0,2020-11-25 21:30:44
X_反向代理websocket,小游戏大厅_陕西_005,已运行,8650,625.59,0,2020-11-25 21:30:44
X_反向代理websocket,小游戏大厅_陕西_006,已运行,8588,620.95,0,2020-11-25 21:30:44
X_反向代理websocket,小游戏大厅_陕西_007,已运行,8512,609.91,0,2020-11-25 21:30:44
X_反向代理websocket,小游戏大厅_江西_福建_009,已运行,9359,670.11,0,2020-11-25 21:30:44
X_反向代理websocket,小游戏大厅_江西_福建_010,已运行,9376,665.15,0,2020-11-25 21:30:44
X_反向代理websocket,小游戏大厅_河南_002,已运行,5733,412.58,0,2020-11-25 21:30:43
X_反向代理websocket,小游戏大厅_湖南_002,已运行,8265,599.22,0,2020-11-25 21:30:44
X_反向代理websocket,小游戏大厅_江西_福建_007,已运行,9372,666.52,0,2020-11-25 21:30:43
X_反向代理websocket,小游戏大厅_高防_018,已运行,16,10.44,0,2020-11-25 21:30:44
X_反向代理websocket,小游戏大厅_高防_017,已运行,10,9.51,0,2020-11-25 21:30:44
X_反向代理websocket,小游戏大厅_高防_016,已运行,16,8.49,0,2020-11-25 21:30:44
X_反向代理websocket,小游戏大厅_高防_014,已运行,22,10.76,0,2020-11-25 21:30:44
X_反向代理websocket,小游戏大厅_四川_甘肃_宁夏_云南_004,已运行,10020,720.19,0,2020-11-25 21:30:43
X_反向代理websocket,小游戏大厅_高防_013,已运行,16,25.6,0,2020-11-25 21:30:44
X_反向代理websocket,小游戏大厅_山东_007,已运行,8040,575.81,0,2020-11-25 21:30:44
X_反向代理websocket,小游戏大厅_山东_006,已运行,7999,580.95,0,2020-11-25 21:30:44
X_反向代理websocket,小游戏大厅_通用_016,已运行,8800,638.79,0,2020-11-25 21:30:44
X_反向代理websocket,小游戏大厅_高防_010,已运行,19,10.07,0,2020-11-25 21:30:44
X_反向代理websocket,小游戏大厅_高防_011,已运行,26,10.37,0,2020-11-25 21:30:43
X_反向代理websocket,小游戏大厅_通用_011,已运行,8825,633.18,0,2020-11-25 21:30:44
X_反向代理websocket,小游戏大厅_四川_甘肃_宁夏_云南_005,已运行,10025,718.71,0,2020-11-25 21:30:44
X_反向代理websocket,小游戏大厅_高防_012,已运行,16,10.42,0,2020-11-25 21:30:44
X_反向代理websocket,小游戏大厅_通用_012,已运行,8803,639.39,0,2020-11-25 21:30:44
X_反向代理websocket,小游戏大厅_山西_内蒙_003,已运行,8259,584.62,0,2020-11-25 21:30:44
X_反向代理websocket,小游戏大厅_江西_福建_008,已运行,9384,668.23,0,2020-11-25 21:30:44
X_反向代理websocket,小游戏大厅_四川_甘肃_宁夏_云南_006,已运行,10121,729.13,0,2020-11-25 21:30:44
X_反向代理websocket,小游戏大厅_四川_甘肃_宁夏_云南_007,已运行,9954,713.41,0,2020-11-25 21:30:44
X_反向代理websocket,小游戏大厅_四川_甘肃_宁夏_云南_008,已运行,10012,722.62,0,2020-11-25 21:30:44
X_反向代理websocket,小游戏大厅_通用_013,已运行,8811,633.1,0,2020-11-25 21:30:44
X_反向代理websocket,小游戏大厅_通用_014,已运行,8824,643.8,0,2020-11-25 21:30:44
X_反向代理websocket,小游戏大厅_通用_015,已运行,8837,635.55,0,2020-11-25 21:30:43
X_反向代理websocket,小游戏大厅_通用_010,已运行,8799,629.07,0,2020-11-25 21:30:44